Concept Code,Concept Name,Display Name (en),Display Name (fr),Status,Definition,Last Updated
8201000087106,Eligible for immunization but not due (finding),Eligible but not due,,active,Eligible for immunization but not due (finding),18/07/2019
171279008,Immunization due (finding),Due,,active,Immunization due (finding),18/07/2019
8191000087109,Immunization overdue (finding),Overdue,,active,Immunization overdue (finding),18/07/2019
171258008,Up-to-date with immunizations (finding),Up to date,,active,Up-to-date with immunizations (finding),18/07/2019
