uniqueId,agentConceptId,routeOfAdminConceptId,lastUpdated
48e44662-eb89-4fda-9464-41e3f6d09a7c,7031000087105,78421000,2019-07-18
27ba146c-e2aa-4f5f-93ca-c6387976f3a1,7431000087103,78421000,2019-07-18
70ba99b7-c3c9-49b2-9045-2c8744099342,7481000087104,78421000,2019-07-18
2b5d2fb8-d86e-4e59-b64f-7dd972d5484a,7581000087103,78421000,2019-07-18
88f0b472-c37f-4623-a402-487d9ba9c1aa,6851000087107,78421000,2019-07-18
ca9249b6-c725-4302-8c9b-72d6d8dd7f67,6861000087105,78421000,2019-07-18
1fbc5b79-03e7-4a11-aea9-2493481f142a,7021000087108,372464004,2019-07-18
92f7e758-29a2-4bef-8c71-23aa0eb08e59,7011000087100,372464004,2019-07-18
ea1365ee-4814-41ce-9cbb-5c469a8f29e4,19311000087109,78421000,2019-07-18
a4124e0f-c524-428d-9db6-994e0b2253ac,7441000087109,78421000,2019-07-18
a97dc9d2-a141-4fee-ba93-9c712ca84f5e,7491000087102,78421000,2019-07-18
41d2053a-bcf3-435f-b5cc-75cf7fc2feda,7341000087101,78421000,2019-07-18
82a69a2c-b707-416c-9cb7-bc3d54d9e50b,7401000087106,26643006,2019-07-18
2859df5b-d563-4350-875d-f659af6f3289,6921000087107,78421000,2019-07-18
624a454a-975b-470b-941d-59ca275a9ec8,6911000087104,78421000,2019-07-18
45c52f00-b06c-4ed7-bbe6-fa7f5b93bc0d,9851000087104,78421000,2019-07-18
e7d81289-bff4-4ce1-b3a4-be847a4766e4,20811000087102,78421000,2019-07-18
dfdb80ab-b1de-4cc5-a724-3fde056da08d,20741000087105,46713006,2019-07-18
c9e22566-9a08-493b-bf3c-525872aea710,20691000087107,78421000,2019-07-18
d451f94b-a63c-4bf6-9d99-eef09e281ff1,7211000087109,78421000,2019-07-18
8e41156a-3492-4e86-8cc1-bb92196b1a00,7591000087101,78421000,2019-07-18
35eeef21-f647-4ace-85c4-c64bf60bbc46,7571000087100,46713006,2019-07-18
e31a7bc8-ca5f-4b49-ab5d-478ef0207560,7541000087108,78421000,2019-07-18
5a1f6269-4ff3-4ea9-8c37-caee77b71033,8651000087109,78421000,2019-07-18
49d575b7-49bf-4df0-8365-7cf42d91e6f9,7351000087103,78421000,2019-07-18
efb78034-e723-459a-b4d5-24ec9d2bf6c1,20871000087109,78421000,2019-07-18
f11ba5c8-17fb-4210-9eb2-c1ed99947808,6871000087101,78421000,2019-07-18
19654482-a818-40e9-a46f-06c372d4699a,6881000087104,78421000,2019-07-18
10f352a8-78d3-4d5c-bdb7-046f2346806f,7041000087104,78421000,2019-07-18
36137e02-bbcb-48e7-90f8-f0248bf4f187,7361000087100,34206005,2019-07-18
ee25b173-1065-4a4e-b734-ca2f8b87e78e,7381000087106,78421000,2019-07-18
60560d26-ae0e-4390-95f4-731ebae42d28,7451000087107,78421000,2019-07-18
482e4e3f-93fe-4628-9213-ab7d99d00a16,7461000087105,78421000,2019-07-18
a3b35ced-8a1e-48a6-bf98-e75be5cc4465,7501000087105,78421000,2019-07-18
81ede00c-e4c5-4d19-a21a-631a0d388851,7621000087103,78421000,2019-07-18
a24d9fd7-232e-4ae4-aff1-d88a022a33e6,7621000087103,34206005,2019-07-18
6e83ee1a-0aa5-4cb1-b39f-cacac7561021,7611000087106,372464004,2019-07-18
fe147bc5-2876-482f-b6ea-070d1cad2733,7601000087109,372464004,2019-07-18
271b6ec8-cce1-43c3-a871-538094d64480,7151000087100,78421000,2019-07-18
61788170-dbe2-46f9-82fa-b9d446d0c0dd,7051000087101,78421000,2019-07-18
31625b28-b567-4329-933a-74ef7eeeb6dc,7161000087102,34206005,2019-07-18
e14fc57d-f4de-4794-b6db-f066b166809b,7131000087109,78421000,2019-07-18
2a1482c4-88f2-44dc-9f6c-f103e86b88ac,7061000087103,78421000,2019-07-18
34b654f0-9978-4143-be43-1fbf25427705,7071000087107,78421000,2019-07-18
39790b6e-343d-413c-8180-4b2b152ebc96,7111000087104,34206005,2019-07-18
06aaf78d-44ea-4f25-ac6a-80b4741c91ff,7141000087103,78421000,2019-07-18
596c6290-0dac-46da-8b6e-d9d88436f69f,7081000087109,78421000,2019-07-18
2eb1082a-973d-4a8a-abd1-ec4333d9b405,19351000087108,78421000,2019-07-18
1c904186-358c-4786-897e-b45339f4702c,20841000087101,78421000,2019-07-18
61a11915-fadd-42e6-9ed2-af1935893045,7521000087104,78421000,2019-07-18
79461620-3b48-4706-b3a3-289437e597e2,7511000087107,78421000,2019-07-18
71687dcc-165b-4d42-b341-76561ce2ac16,7631000087101,78421000,2019-07-18
449dc036-92fb-4a5c-b277-6be0fbe10cb8,7631000087101,34206005,2019-07-18
dd8dc77c-b841-4c02-9904-4d4fd486db21,7641000087107,78421000,2019-07-18
257a8a2f-3cbf-4a3e-a5fc-317b6b431ab6,7641000087107,34206005,2019-07-18
92f043fc-0a55-4163-867a-cacfa4fcb0a2,7681000087102,78421000,2019-07-18
3edf4ca3-6065-4ff1-8456-18d3089458aa,7651000087105,78421000,2019-07-18
12e50b39-10c8-4659-a5ec-c877a2a95e26,7171000087106,78421000,2019-07-18
1aa29c66-71b3-444f-8581-9d6c4909de61,7171000087106,34206005,2019-07-18
19e957d6-a3b7-49e6-ab6d-eebe24ec3374,7181000087108,78421000,2019-07-18
ae8efde1-c656-4175-a0b2-b3240005bc67,7181000087108,34206005,2019-07-18
90832817-9b2e-4b3f-93f7-e432674c2cf7,19441000087102,34206005,2019-07-18
0959ac53-3e7e-4041-bec5-54bbfdca7962,7471000087101,78421000,2019-07-18
7ff7fe6e-8a1e-4bcd-aa3b-19ab881b4135,7391000087108,78421000,2019-07-18
077dc2ce-c4fa-4909-a9d9-1681e7d01ff5,6951000087100,78421000,2019-07-18
b759fda9-78ca-451a-a20f-edfcdbbd4aa6,6941000087103,78421000,2019-07-18
ffc7c6a8-69eb-464d-a751-a1ec2ffbbd53,6931000087109,78421000,2019-07-18
08be897b-3773-491b-b770-d284932f0b9d,7201000087107,26643006,2019-07-18
36f94fff-242b-4d1e-bc26-fb2a4fead561,7191000087105,26643006,2019-07-18
b935d472-f8fa-4af6-a802-8d10190cd1fe,7671000087104,78421000,2019-07-18
b4878af0-53bf-4603-9d49-862675786ee0,7371000087109,78421000,2019-07-18
89ed3479-e0e5-4532-835f-c1b748bc7502,7531000087102,78421000,2019-07-18
d89a8a20-777a-4057-a082-059c3066debf,7421000087100,78421000,2019-07-18
3f2a15ee-50c5-4c28-9b66-fa7fc72c8fb5,6961000087102,78421000,2019-07-18
fbba4409-10b1-403e-9d33-6dd30498c745,6971000087106,78421000,2019-07-18
ff8ad168-3524-4497-8ca2-2a77e3caa970,7301000087104,78421000,2019-07-18
7274e97d-b01d-4daf-931e-8559a3fbca2b,7311000087102,78421000,2019-07-18
e054fdf4-66e9-41a0-bf7d-17ed2480750c,6891000087102,78421000,2019-07-18
145565d0-2120-462d-812b-92c636782eec,6901000087101,78421000,2019-07-18
c19802f7-ac52-4940-b776-46a2198a0a4a,7231000087104,34206005,2019-07-18
064810f4-31e7-43af-b5bb-8e240785268e,7241000087105,34206005,2019-07-18
9d48264b-7c4b-4794-907f-f5984ebd05cb,7561000087109,78421000,2019-07-18
3f4eb903-11bd-4e16-ad41-13c242666039,7331000087107,78421000,2019-07-18
183835eb-f80c-4302-903c-6b0efb6334bc,7321000087105,26643006,2019-07-18
2907a492-7c5c-40e4-92ee-d8480d4453e8,19291000087108,78421000,2019-07-18
267545c5-6f4c-4601-9189-ccd1aa7ee7fd,19291000087108,34206005,2019-07-18
a8908e63-7bd3-40a0-b876-fb79679a9adc,7221000087101,34206005,2019-07-18
42188fb9-d5cd-4141-ace6-74f7aa692a8b,7411000087108,34206005,2019-07-18
d1773caa-fb52-4ce2-b697-6bda0aa140d5,19321000087101,34206005,2019-07-18
3d056009-c2c9-471e-92bc-5b423c7a85e4,21671000087103,78421000,2019-07-18
25866c1d-fa14-488e-ac11-ffe9c5fd1141,21931000087105,78421000,2019-07-18
1c71219d-94d8-4c47-9a9a-3b26ecbb231c,22681000087109,78421000,2019-07-18
48a5c756-a4fb-4ebf-a708-178d0f4e3d70,22681000087109,34206005,2019-07-18
be3f6a1b-a7a6-4230-8805-021a5a43b13e,21771000087109,78421000,2019-07-18
6c946926-61ee-4a31-ba16-57d5108ca4b9,22691000087106,78421000,2019-07-18
e72d9d9c-f675-4cc0-a283-61329fbdaf0d,21701000087104,78421000,2019-07-18
6bf79439-054b-4bed-8113-a5990a375fbf,21691000087104,78421000,2019-07-18
a747cffe-e73b-4e41-823f-64995d4d7bde,21681000087101,78421000,2019-07-18
99ad7df8-47c6-4c89-96e7-cfd7600f4869,21781000087106,78421000,2019-07-18
1dd4ef80-bcc5-48fe-9263-f04d9c40cb62,22181000087103,78421000,2019-07-18
02150ecf-47d2-4d28-a7cf-dbea0678c394,21711000087102,78421000,2019-07-18
588b168d-7461-4601-bff1-072c5e5fdff1,23011000087103,78421000,2019-07-18
f389f641-c250-41aa-97b0-5f4e44ad9015,23031000087108,78421000,2019-07-18
34970f18-4ff6-4bae-92d9-2c3a7ed9adae,9841000087102,78421000,2019-07-18
4bef6c77-5f31-4879-9d7a-acb8f6e224a4,9821000087106,34206005,2019-07-18
fa42d3c0-3676-4399-8770-93c552dd2282,20851000087103,78421000,2019-07-18
72373233-cd5c-4ce9-8b56-57746ade7c72,22971000087103,78421000,2019-07-18
cb400de5-b638-4bcf-aae4-fb27f35c136c,22981000087101,78421000,2019-07-18
0317c274-8c1e-449e-9672-ac82e4aca6e4,23711000087101,78421000,2019-07-18
31545994-0cce-4b42-8320-b5a6846a83b2,23691000087103,78421000,2019-07-18
01b82826-344f-4d09-a651-c6761b638b27,23721000087109,78421000,2019-07-18
875dc03b-9e6e-47ab-88e1-d3409eb003c3,23771000087108,78421000,2019-07-18
b054d8e1-b349-4f05-9b58-4ad2b2107cfd,19421000087106,47625008,2019-07-18
d23728d9-a1e7-4274-af1e-7238f2f4015d,21941000087104,47625008,2019-07-18
d1d65c5b-62fc-4742-819c-e8793cfe9501,19361000087106,47625008,2019-07-18
7ef1c0ce-f74c-44e7-a65d-bd85b237cb8b,19331000087104,47625008,2019-07-18
6110ad15-3469-45f5-8fb7-c78fee404e22,19431000087108,47625008,2019-07-18
1b6f1cc0-b734-491e-a0e0-559da562f0a8,19431000087108,78421000,2019-07-18
b66e19a3-0c0a-4f1a-b048-b7105b54eaa0,19301000087107,47625008,2019-07-18
91db08ad-b232-4f28-97f2-fa34e439c94d,19301000087107,78421000,2019-07-18
286e9800-9f80-4f04-b18d-35ab881a0689,19391000087103,78421000,2019-07-18
2808ea9a-8a97-4f49-ab2a-87fcbc5bda52,7941000087100,78421000,2019-07-18
2b13512b-d5a9-4ec4-bc71-136da92344cd,7951000087102,78421000,2019-07-18
00c38b79-1d62-4da4-8300-af86c926673b,7961000087104,78421000,2019-07-18
f18065f9-4c32-4e10-ae08-931f2a11d355,7981000087105,78421000,2019-07-18
5c8076dc-0552-420d-aceb-bdac71576afa,19471000087105,78421000,2019-07-18
a8ebe101-4478-4f00-bfa9-5bb74ef6f5d2,7971000087108,78421000,2019-07-18
1ebefcc0-01ef-41e8-9b82-0412a67be4e3,19411000087103,78421000,2019-07-18
eac20a4d-83f8-43b6-bda2-ab39e872b992,7991000087107,78421000,2019-07-18
6966f587-c327-435a-af7b-4b2c81be07e1,21891000087103,78421000,2019-07-18
acac1665-6a54-45e8-9fd8-a08e7c55fa84,24211000087105,26643006,2019-07-18
ac74707b-c61a-4c03-840f-6e2c86f35e31,24201000087108,26643006,2019-07-18
24584e0e-daa6-41c7-9a49-42d990cb92fe,23751000087102,47625008,2019-11-07
1e250368-2385-4ecf-9e92-1cec526f07a3,24381000087107,78421000,2019-11-07
